id_item,id_pedido,id_produto,quantidade,preco_unitario
1,1,627,2,2673.91
2,2,638,1,4941.57
3,2,812,2,2174.17
4,2,207,3,1162.63
5,2,823,1,3980.24
6,3,725,3,1767.29
7,3,802,5,1248.18
8,4,483,4,1906.71
9,4,280,3,4630.16
10,5,36,4,3378.76
11,5,201,4,3252.9
12,5,338,5,2330.99
13,5,395,2,1354.56
14,6,58,4,199.44
15,6,447,2,3976.03
16,6,164,2,3846.06
17,7,519,3,960.66
18,7,381,5,1717.36
19,7,394,4,3743.09
20,8,178,1,1903.81
21,8,590,4,2178.22
22,8,396,5,3020.77
23,9,846,2,1658.26
24,9,930,1,1767.28
25,10,462,5,3134.33
26,11,93,5,3154.24
27,11,873,4,2361.45
28,11,17,4,4229.21
29,11,135,2,4416.19
30,12,342,5,4995.52
31,12,818,3,2221.41
32,12,406,2,4646.01
33,12,353,2,4121.58
34,13,6,5,796.25
35,13,994,5,4974.89
36,13,640,4,3850.29
37,13,36,1,3378.76
38,14,44,5,3415.2
39,15,552,2,2991.48
40,16,372,2,391.47
41,16,737,3,1000.13
42,17,969,3,1871.07
43,17,263,1,3382.32
44,17,910,2,3246.71
45,17,920,4,253.13
46,18,374,2,4264.9
47,18,171,4,4592.58
48,19,969,1,1871.07
49,19,200,2,2568.3
50,19,572,2,238.4
51,19,519,3,960.66
52,20,198,5,1592.08
53,20,252,2,238.93
54,21,924,1,3674.69
55,21,700,5,120.2
56,21,984,1,933.82
57,21,91,2,3164.79
58,22,194,2,893.21
59,22,289,1,1995.52
60,22,85,5,786.68
61,23,631,2,1970.98
62,24,976,3,2138.46
63,25,159,4,3000.65
64,26,819,2,1632.21
65,27,202,3,2168.48
66,27,553,2,990.55
67,27,455,1,3367.74
68,27,865,5,2806.65
69,28,993,2,2708.83
70,28,166,4,4502.53
71,29,60,4,1194.75
72,29,311,3,3499.77
73,29,109,1,1230.11
74,30,768,5,2286.1
75,31,521,1,3493.57
76,31,193,5,1422.25
77,32,98,5,1126.52
78,32,778,3,4925.27
79,32,902,5,3569.01
80,32,774,4,1015.72
81,33,219,3,4706.23
82,33,859,2,1616.93
83,33,449,2,4649.81
84,34,989,3,590.08
85,34,94,3,2194.79
86,34,838,4,31.64
87,34,194,3,893.21
88,35,202,2,2168.48
89,36,258,3,1050.19
90,36,901,1,1264.09
91,36,102,4,174.23
92,36,66,1,2923.71
93,37,521,2,3493.57
94,38,513,2,4394.41
95,38,769,1,3390.67
96,39,713,3,1475.09
97,39,490,3,372.9
98,40,568,1,4091.9
99,40,410,5,1329.37
100,40,161,4,1392.0
101,41,137,4,1215.93
102,41,721,4,3008.89
103,42,225,4,3934.32
104,42,976,4,2138.46
105,43,123,4,495.16
106,43,309,3,1797.63
107,44,614,2,2920.93
108,45,727,1,1626.0
109,45,840,3,2395.84
110,45,454,3,3958.75
111,46,198,4,1592.08
112,46,113,1,758.83
113,46,390,4,4945.08
114,46,840,2,2395.84
115,47,832,1,4614.8
116,47,457,2,714.59
117,47,155,5,2579.69
118,47,62,3,29.81
119,48,745,2,2395.3
120,48,705,3,790.79
121,48,489,3,3673.13
122,49,663,5,672.02
123,49,814,5,1034.85
124,49,17,5,4229.21
125,50,700,5,120.2
126,50,402,5,2696.6
127,50,294,4,3268.28
128,51,444,4,2449.88
129,51,521,3,3493.57
130,51,642,5,1095.94
131,51,42,2,4256.22
132,52,1000,1,809.13
133,53,993,5,2708.83
134,53,178,4,1903.81
135,54,70,5,4059.71
136,54,217,4,2978.25
137,54,374,2,4264.9
138,55,229,3,2746.71
139,56,425,2,251.53
140,56,155,5,2579.69
141,56,819,2,1632.21
142,57,161,2,1392.0
143,58,695,4,3883.77
144,58,289,2,1995.52
145,59,341,4,3104.26
146,59,424,1,2314.81
147,59,544,1,1876.79
148,59,790,2,926.91
149,60,837,1,4778.69
150,60,862,5,486.19
151,61,146,5,1316.78
152,62,119,2,4244.56
153,62,410,4,1329.37
154,62,492,5,2502.0
155,63,989,1,590.08
156,63,421,2,1393.22
157,64,418,5,1460.58
158,65,420,1,853.22
159,65,248,5,3375.52
160,66,961,1,1281.02
161,66,89,4,4254.66
162,67,424,3,2314.81
163,68,972,4,3858.81
164,69,338,1,2330.99
165,70,935,2,1666.19
166,70,697,4,3869.49
167,70,441,4,3018.51
168,71,112,3,4275.15
169,72,798,5,2145.57
170,72,948,1,2920.41
171,72,95,1,2066.22
172,72,104,3,1510.34
173,73,203,2,22.17
174,73,432,3,918.83
175,73,586,2,185.24
176,73,337,1,3423.05
177,74,418,4,1460.58
178,74,382,3,3848.32
179,75,396,5,3020.77
180,75,1,2,3789.38
181,75,919,3,2429.49
182,75,552,5,2991.48
183,76,195,3,2175.71
184,76,836,2,1584.59
185,76,782,2,30.17
186,77,964,5,2504.3
187,77,277,2,3338.7
188,78,224,2,2573.21
189,78,131,1,3802.51
190,78,116,2,3864.75
191,78,478,3,3790.98
192,79,741,4,3146.1
193,80,424,1,2314.81
194,80,323,3,1060.54
195,80,723,4,496.42
196,81,57,2,2542.56
197,82,174,1,3115.92
198,82,550,4,1515.09
199,82,91,2,3164.79
200,82,644,3,1372.78
201,83,449,3,4649.81
202,83,342,4,4995.52
203,83,199,2,1863.18
204,83,9,2,4548.71
205,84,904,5,1159.6
206,84,421,3,1393.22
207,84,412,3,4096.1
208,84,97,2,3151.6
209,85,650,1,1525.24
210,85,718,3,3186.15
211,86,294,4,3268.28
212,86,29,3,4707.39
213,87,492,4,2502.0
214,87,518,2,3641.25
215,88,604,5,2261.12
216,88,812,4,2174.17
217,88,471,1,1036.78
218,88,25,5,3208.08
219,89,736,3,4996.79
220,89,112,4,4275.15
221,89,182,1,332.53
222,90,845,1,894.37
223,90,104,2,1510.34
224,90,395,2,1354.56
225,90,360,4,4917.22
226,91,268,4,1005.59
227,91,471,2,1036.78
228,91,648,3,4569.46
229,91,911,4,632.76
230,92,349,3,1265.92
231,92,732,1,1843.53
232,92,145,1,2438.42
233,92,293,4,1452.34
234,93,723,1,496.42
235,93,745,3,2395.3
236,93,373,1,2925.7
237,93,536,1,4114.63
238,94,921,5,4655.32
239,95,405,2,3619.81
240,95,414,3,1323.71
241,95,293,3,1452.34
242,95,871,1,109.38
243,96,638,1,4941.57
244,96,919,4,2429.49
245,96,387,5,3970.68
246,97,942,2,3168.13
247,97,255,2,184.94
248,98,378,1,565.45
249,99,405,4,3619.81
250,99,990,1,3082.79
251,99,609,3,399.08
252,99,28,5,1819.04
253,100,555,2,3746.27
254,100,291,3,4645.42
255,100,869,5,3990.83
256,101,328,3,1892.48
257,101,321,1,4633.83
258,102,806,5,2812.91
259,102,268,3,1005.59
260,102,33,3,1101.93
261,103,573,5,1534.06
262,103,717,1,770.96
263,104,959,3,4682.23
264,105,13,5,2872.68
265,105,665,5,1076.34
266,106,353,5,4121.58
267,106,539,3,2773.59
268,107,129,5,725.72
269,107,492,5,2502.0
270,107,291,3,4645.42
271,107,905,3,2030.98
272,108,172,2,4367.1
273,109,330,5,3734.21
274,109,889,1,4340.15
275,109,579,2,497.14
276,110,892,2,3415.02
277,110,674,3,4664.21
278,110,947,3,565.84
279,110,764,4,2218.33
280,111,1000,5,809.13
281,112,601,2,750.77
282,112,635,3,918.43
283,113,216,4,3490.06
284,113,56,5,2262.05
285,113,858,3,2690.82
286,114,644,4,1372.78
287,114,79,5,999.76
288,114,397,4,1521.63
289,115,575,1,4949.43
290,116,998,2,3122.0
291,116,796,3,454.65
292,117,245,1,569.55
293,117,530,4,4605.04
294,117,709,2,4599.64
295,118,365,3,3678.54
296,118,451,3,3853.02
297,118,294,1,3268.28
298,118,126,5,1316.71
299,119,614,5,2920.93
300,119,289,5,1995.52
301,119,45,1,913.15
302,120,314,2,2462.62
303,120,98,1,1126.52
304,120,116,4,3864.75
305,121,219,2,4706.23
306,121,395,5,1354.56
307,122,564,4,3956.27
308,123,501,2,3615.82
309,124,933,1,354.12
310,125,289,3,1995.52
311,125,980,3,2590.0
312,125,70,4,4059.71
313,125,975,1,628.75
314,126,159,4,3000.65
315,126,288,3,3903.01
316,127,871,3,109.38
317,127,752,5,912.59
318,128,982,2,2265.26
319,128,114,4,4467.94
320,129,978,4,1569.76
321,129,298,2,1808.09
322,130,456,1,941.33
323,130,119,1,4244.56
324,131,613,3,2909.34
325,132,233,2,4904.38
326,132,35,2,3403.54
327,132,293,5,1452.34
328,133,181,3,1263.05
329,133,755,4,3723.86
330,133,347,2,895.74
331,133,925,4,3811.72
332,134,222,3,2999.51
333,134,636,2,4037.02
334,135,398,4,1145.37
335,136,273,1,1311.66
336,136,527,4,2171.1
337,137,994,2,4974.89
338,138,475,5,1385.53
339,138,574,1,3169.03
340,139,500,3,2839.83
341,139,888,5,3502.17
342,140,919,3,2429.49
343,140,909,4,3272.87
344,140,152,2,3505.15
345,140,832,5,4614.8
346,141,704,3,814.48
347,141,692,1,899.82
348,142,857,1,1428.41
349,143,690,1,1257.78
350,143,967,5,1371.95
351,143,598,5,2855.77
352,144,168,4,262.17
353,144,116,4,3864.75
354,144,756,1,1464.19
355,144,904,2,1159.6
356,145,26,4,2155.08
357,145,590,5,2178.22
358,146,445,3,749.15
359,146,310,3,1168.16
360,146,359,3,1374.48
361,146,752,2,912.59
362,147,635,3,918.43
363,147,748,5,3958.31
364,148,15,3,2476.41
365,148,55,5,1558.08
366,149,780,5,2733.9
367,149,417,1,2292.35
368,150,803,3,1257.99
369,150,326,1,2217.76
370,150,507,3,1404.42
371,151,323,5,1060.54
372,152,378,2,565.45
373,153,433,4,168.06
374,153,840,4,2395.84
375,154,716,1,1871.32
376,154,990,4,3082.79
377,155,804,5,1782.09
378,155,341,5,3104.26
379,156,494,3,4372.78
380,157,97,2,3151.6
381,157,348,5,2031.88
382,158,911,5,632.76
383,158,160,4,346.7
384,159,725,1,1767.29
385,160,126,4,1316.71
386,160,893,1,1772.01
387,160,127,3,65.42
388,161,271,4,3292.71
389,162,171,3,4592.58
390,162,185,5,1822.18
391,162,807,3,3158.32
392,163,455,5,3367.74
393,163,788,2,2400.62
394,164,503,2,100.86
395,164,286,2,813.09
396,164,203,5,22.17
397,164,159,4,3000.65
398,165,812,2,2174.17
399,166,67,2,827.46
400,166,496,5,4786.6
401,166,578,5,2049.62
402,166,46,5,3791.18
403,167,664,1,4633.21
404,167,527,2,2171.1
405,167,490,3,372.9
406,168,305,4,47.43
407,168,633,3,3996.71
408,168,631,3,1970.98
409,169,635,4,918.43
410,169,282,1,248.16
411,169,475,2,1385.53
412,169,276,1,1385.24
413,170,562,5,4579.28
414,170,45,4,913.15
415,171,657,1,435.12
416,172,576,2,3017.83
417,172,307,3,920.28
418,172,114,5,4467.94
419,172,603,3,3126.19
420,173,446,2,880.58
421,173,276,2,1385.24
422,174,423,4,1053.03
423,174,202,5,2168.48
424,174,577,5,65.14
425,175,402,1,2696.6
426,175,731,1,932.05
427,175,706,2,2113.82
428,176,739,2,1650.81
429,176,106,3,4063.04
430,176,697,2,3869.49
431,176,611,1,4524.65
432,177,701,2,4250.66
433,177,718,5,3186.15
434,177,24,2,3093.89
435,178,133,2,4071.52
436,179,574,3,3169.03
437,179,256,5,2501.1
438,179,302,2,3383.42
439,179,920,5,253.13
440,180,779,1,2290.85
441,180,91,1,3164.79
442,180,28,2,1819.04
443,181,607,2,4033.9
444,181,585,5,3827.81
445,181,474,1,1467.93
446,181,580,5,432.4
447,182,619,4,2465.62
448,182,265,2,3261.03
449,183,118,3,1283.87
450,184,140,2,1785.05
451,185,457,1,714.59
452,185,291,5,4645.42
453,185,556,1,1589.51
454,185,208,3,1121.92
455,186,978,5,1569.76
456,186,339,2,2609.25
457,187,431,4,4349.46
458,187,734,2,3082.61
459,187,709,1,4599.64
460,188,412,4,4096.1
461,189,135,3,4416.19
462,190,840,1,2395.84
463,190,93,1,3154.24
464,190,7,3,3153.17
465,190,172,5,4367.1
466,191,992,2,1905.06
467,191,432,4,918.83
468,191,542,3,1155.7
469,191,335,2,4940.75
470,192,54,5,683.69
471,193,485,1,514.48
472,194,491,1,1689.71
473,194,850,2,4847.62
474,195,678,4,2669.17
475,196,183,4,3070.62
476,196,301,3,4588.59
477,197,599,1,226.28
478,198,578,5,2049.62
479,198,423,4,1053.03
480,198,448,3,717.57
481,198,729,1,3533.3
482,199,461,4,288.68
483,199,977,3,75.14
484,199,824,1,1821.31
485,200,439,1,1740.74
486,200,542,3,1155.7
487,200,509,3,4128.42
488,200,895,2,3958.93
489,201,663,1,672.02
490,202,523,2,2764.51
491,203,865,2,2806.65
492,203,274,2,4185.08
493,204,613,4,2909.34
494,204,987,5,3371.78
495,204,218,5,3504.43
496,204,749,3,1831.64
497,205,992,5,1905.06
498,205,605,4,848.82
499,205,516,4,2725.52
500,206,615,3,2083.31
501,206,861,5,2250.25
502,206,724,1,2004.68
503,206,606,4,3958.83
504,207,732,2,1843.53
505,207,317,5,514.9
506,207,737,1,1000.13
507,207,18,2,4359.63
508,208,821,4,1129.8
509,208,717,3,770.96
510,209,837,3,4778.69
511,209,394,1,3743.09
512,209,545,5,1072.2
513,210,590,4,2178.22
514,210,67,5,827.46
515,211,154,5,4366.78
516,212,528,4,1739.03
517,212,364,5,4497.23
518,213,72,4,3688.49
519,214,654,1,4509.3
520,214,437,3,3742.31
521,214,436,2,1054.81
522,215,73,2,4626.43
523,215,477,3,4644.73
524,215,845,4,894.37
525,215,710,3,2050.28
526,216,870,5,4831.31
527,217,917,3,48.5
528,217,910,1,3246.71
529,217,159,1,3000.65
530,217,477,5,4644.73
531,218,18,5,4359.63
532,218,881,5,3603.79
533,218,983,3,1086.85
534,218,355,3,691.41
535,219,720,1,624.12
536,219,842,2,4234.5
537,219,303,2,4631.47
538,220,921,1,4655.32
539,220,367,5,1794.16
540,220,642,1,1095.94
541,221,458,5,864.79
542,221,611,3,4524.65
543,221,791,4,4652.25
544,222,41,3,2392.71
545,223,169,3,4299.37
546,224,876,2,993.89
547,224,842,3,4234.5
548,225,799,3,2319.65
549,225,862,4,486.19
550,226,60,2,1194.75
551,226,661,3,624.13
552,226,951,3,393.14
553,227,483,1,1906.71
554,227,112,1,4275.15
555,227,787,3,3603.41
556,227,361,2,4877.59
557,228,958,1,1650.18
558,228,321,2,4633.83
559,228,6,3,796.25
560,229,286,4,813.09
561,230,985,2,3243.66
562,230,845,2,894.37
563,230,793,3,2736.72
564,231,275,3,4202.97
565,231,625,2,2836.37
566,231,406,2,4646.01
567,232,66,1,2923.71
568,233,950,2,1998.03
569,233,596,3,993.16
570,233,113,2,758.83
571,233,405,1,3619.81
572,234,917,3,48.5
573,234,151,4,1164.16
574,235,821,2,1129.8
575,235,907,4,1341.38
576,236,719,2,3141.69
577,236,792,4,1897.66
578,236,375,2,3353.22
579,236,895,3,3958.93
580,237,870,3,4831.31
581,237,77,5,92.03
582,237,259,1,555.84
583,238,965,1,1775.74
584,238,462,4,3134.33
585,239,812,4,2174.17
586,240,596,1,993.16
587,241,665,5,1076.34
588,241,574,1,3169.03
589,241,119,4,4244.56
590,242,155,4,2579.69
591,242,746,5,3089.19
592,243,959,3,4682.23
593,243,385,2,1641.97
594,243,322,5,3440.34
595,244,674,2,4664.21
596,245,332,4,1830.43
597,245,532,1,1225.93
598,246,925,5,3811.72
599,247,726,5,2161.47
600,247,322,4,3440.34
601,247,860,2,44.57
602,248,893,5,1772.01
603,248,937,2,1541.45
604,249,217,2,2978.25
605,249,686,1,315.36
606,249,947,3,565.84
607,249,425,5,251.53
608,250,781,1,1520.1
609,250,50,5,4418.64
610,250,918,4,3639.93
611,251,219,3,4706.23
612,251,322,4,3440.34
613,251,338,3,2330.99
614,251,136,5,1252.19
615,252,339,5,2609.25
616,252,161,3,1392.0
617,253,340,4,1991.99
618,253,702,4,3027.67
619,254,555,5,3746.27
620,254,968,1,2190.07
621,255,736,1,4996.79
622,255,596,3,993.16
623,255,437,3,3742.31
624,256,986,2,40.43
625,256,441,4,3018.51
626,257,632,4,3707.12
627,258,499,1,2978.82
628,258,201,4,3252.9
629,258,350,2,562.66
630,258,871,4,109.38
631,259,900,3,3821.28
632,259,988,3,4309.76
633,260,604,1,2261.12
634,260,96,2,914.63
635,260,624,4,669.89
636,261,1,5,3789.38
637,261,33,4,1101.93
638,261,406,4,4646.01
639,262,774,1,1015.72
640,263,498,2,3117.45
641,263,772,2,3756.54
642,263,756,2,1464.19
643,263,503,2,100.86
644,264,774,1,1015.72
645,264,641,3,2505.36
646,265,79,5,999.76
647,265,791,2,4652.25
648,266,630,4,2202.43
649,267,564,1,3956.27
650,267,241,1,2394.88
651,268,506,5,2783.31
652,268,930,5,1767.28
653,268,164,5,3846.06
654,269,962,4,4363.39
655,269,51,4,168.2
656,270,40,5,1525.15
657,270,640,3,3850.29
658,270,602,5,2373.76
659,271,151,1,1164.16
660,271,847,4,4482.91
661,271,537,2,827.79
662,271,103,3,4794.48
663,272,862,4,486.19
664,272,663,1,672.02
665,272,165,2,1298.33
666,272,603,1,3126.19
667,273,47,4,1996.76
668,273,187,3,645.2
669,274,73,3,4626.43
670,275,973,3,784.81
671,275,83,2,1137.26
672,275,815,4,3700.16
673,275,828,1,2307.33
674,276,303,1,4631.47
675,276,578,3,2049.62
676,276,144,5,4514.95
677,276,593,2,2431.33
678,277,447,3,3976.03
679,278,453,3,860.43
680,278,988,1,4309.76
681,278,682,5,3242.79
682,279,703,5,350.11
683,279,59,4,1186.59
684,279,843,3,1097.41
685,280,729,1,3533.3
686,280,218,1,3504.43
687,281,854,3,322.85
688,282,657,5,435.12
689,282,47,1,1996.76
690,282,244,2,3287.69
691,283,935,4,1666.19
692,283,139,2,3004.03
693,283,537,4,827.79
694,283,59,5,1186.59
695,284,964,1,2504.3
696,284,850,2,4847.62
697,284,322,4,3440.34
698,284,288,5,3903.01
699,285,578,1,2049.62
700,285,232,5,4081.67
701,286,529,5,3917.37
702,287,996,3,3018.03
703,287,522,2,1210.35
704,288,185,1,1822.18
705,288,107,5,3616.28
706,288,923,3,4645.6
707,288,353,5,4121.58
708,289,948,2,2920.41
709,289,900,1,3821.28
710,289,161,2,1392.0
711,289,74,5,2743.49
712,290,536,1,4114.63
713,290,758,2,856.69
714,290,6,2,796.25
715,290,428,3,1689.93
716,291,795,1,4943.27
717,291,179,5,1857.89
718,292,411,5,3414.02
719,293,882,4,451.73
720,294,577,4,65.14
721,294,530,2,4605.04
722,295,597,4,2967.54
723,295,135,1,4416.19
724,295,391,5,2692.93
725,296,136,3,1252.19
726,296,822,3,4273.68
727,296,408,1,616.57
728,296,272,4,4183.83
729,297,550,1,1515.09
730,297,508,2,2543.43
731,297,449,4,4649.81
732,298,735,1,3780.29
733,299,421,1,1393.22
734,299,682,1,3242.79
735,300,46,2,3791.18
736,300,433,3,168.06
737,300,945,5,3867.9
738,300,472,1,2410.78
739,301,161,2,1392.0
740,301,624,3,669.89
741,301,149,4,60.73
742,302,586,2,185.24
743,302,948,5,2920.41
744,303,145,5,2438.42
745,304,172,5,4367.1
746,304,529,4,3917.37
747,304,931,3,3035.85
748,305,750,3,4260.75
749,306,592,2,2110.32
750,306,720,1,624.12
751,306,478,1,3790.98
752,306,396,3,3020.77
753,307,407,1,3191.19
754,308,42,1,4256.22
755,308,881,3,3603.79
756,308,56,1,2262.05
757,309,916,1,1740.03
758,309,642,3,1095.94
759,309,327,5,3088.55
760,309,115,4,1080.19
761,310,776,3,2007.46
762,311,621,4,3133.21
763,311,818,3,2221.41
764,312,211,3,423.44
765,313,742,1,1198.99
766,313,812,2,2174.17
767,314,750,5,4260.75
768,314,813,4,692.44
769,315,716,2,1871.32
770,316,67,5,827.46
771,316,295,1,3437.1
772,316,381,5,1717.36
773,316,47,5,1996.76
774,317,254,3,4597.99
775,318,78,5,1184.17
776,318,767,5,4665.99
777,318,216,3,3490.06
778,319,704,3,814.48
779,320,260,1,2604.04
780,320,975,3,628.75
781,321,472,4,2410.78
782,321,389,5,2739.34
783,322,505,1,4467.14
784,322,319,2,2849.05
785,322,574,2,3169.03
786,323,162,2,3256.34
787,323,141,1,3671.53
788,323,429,1,3885.37
789,324,174,4,3115.92
790,325,99,5,2009.52
791,326,743,1,77.95
792,326,738,5,3353.6
793,326,893,5,1772.01
794,326,241,4,2394.88
795,327,797,2,1323.77
796,327,190,5,1952.78
797,328,741,4,3146.1
798,329,484,3,4018.56
799,329,949,2,2402.14
800,329,805,1,2804.24
801,330,199,1,1863.18
802,330,211,4,423.44
803,330,595,2,1171.26
804,330,788,1,2400.62
805,331,936,1,1948.74
806,331,454,4,3958.75
807,331,258,3,1050.19
808,331,476,1,2208.58
809,332,245,2,569.55
810,332,593,3,2431.33
811,332,983,3,1086.85
812,332,248,4,3375.52
813,333,475,5,1385.53
814,333,274,1,4185.08
815,333,595,4,1171.26
816,333,680,3,3352.35
817,334,843,2,1097.41
818,335,920,3,253.13
819,335,996,2,3018.03
820,335,964,5,2504.3
821,335,402,5,2696.6
822,336,182,5,332.53
823,337,139,4,3004.03
824,337,886,1,3548.6
825,337,315,1,1176.2
826,338,968,5,2190.07
827,338,738,3,3353.6
828,339,80,4,2664.31
829,339,446,4,880.58
830,340,578,2,2049.62
831,341,103,2,4794.48
832,341,901,4,1264.09
833,342,269,2,3630.31
834,342,223,2,2203.44
835,343,231,5,1136.98
836,343,785,1,2387.03
837,343,690,5,1257.78
838,343,169,3,4299.37
839,344,993,2,2708.83
840,344,609,5,399.08
841,345,140,1,1785.05
842,345,642,4,1095.94
843,346,658,1,4462.09
844,346,966,5,51.05
845,347,95,1,2066.22
846,348,598,4,2855.77
847,349,815,3,3700.16
848,349,667,4,1931.02
849,349,259,1,555.84
850,349,469,1,470.99
851,350,360,2,4917.22
852,351,991,2,3052.68
853,351,629,3,2637.02
854,352,229,5,2746.71
855,352,196,3,3917.23
856,352,503,2,100.86
857,353,722,5,3729.17
858,353,178,2,1903.81
859,353,304,1,1412.75
860,354,68,4,393.44
861,354,31,2,130.31
862,354,96,2,914.63
863,355,400,2,503.41
864,356,264,3,336.1
865,356,420,4,853.22
866,356,360,4,4917.22
867,356,299,5,4895.78
868,357,976,3,2138.46
869,358,843,1,1097.41
870,358,166,5,4502.53
871,358,731,2,932.05
872,358,58,2,199.44
873,359,627,4,2673.91
874,360,572,3,238.4
875,361,455,2,3367.74
876,361,553,4,990.55
877,361,585,3,3827.81
878,361,413,3,2396.57
879,362,755,3,3723.86
880,362,604,5,2261.12
881,362,531,1,3650.27
882,362,976,5,2138.46
883,363,25,1,3208.08
884,363,652,4,1261.83
885,363,782,4,30.17
886,363,953,5,1211.19
887,364,530,3,4605.04
888,364,71,5,4288.84
889,364,555,2,3746.27
890,364,531,2,3650.27
891,365,485,4,514.48
892,366,71,3,4288.84
893,366,280,5,4630.16
894,366,419,3,3296.62
895,366,852,5,259.95
896,367,711,1,2117.13
897,368,321,1,4633.83
898,369,807,4,3158.32
899,369,190,1,1952.78
900,370,803,3,1257.99
901,370,950,1,1998.03
902,370,420,2,853.22
903,371,103,4,4794.48
904,372,787,2,3603.41
905,372,281,3,131.69
906,372,657,2,435.12
907,372,164,4,3846.06
908,373,669,2,4748.14
909,373,546,2,4829.93
910,374,714,2,3028.62
911,374,643,1,3024.49
912,374,671,1,168.23
913,374,280,2,4630.16
914,375,59,2,1186.59
915,376,865,3,2806.65
916,376,40,1,1525.15
917,377,690,5,1257.78
918,378,151,4,1164.16
919,378,532,2,1225.93
920,378,346,1,1761.05
921,378,431,3,4349.46
922,379,903,2,4888.79
923,380,460,4,275.08
924,380,766,1,274.42
925,380,185,5,1822.18
926,380,347,3,895.74
927,381,784,2,3079.03
928,382,103,4,4794.48
929,382,199,5,1863.18
930,382,310,1,1168.16
931,383,16,2,4093.32
932,383,354,3,781.13
933,383,842,3,4234.5
934,383,85,5,786.68
935,384,944,1,2817.55
936,384,326,3,2217.76
937,385,926,5,3544.21
938,385,49,2,227.79
939,385,677,4,4810.88
940,385,401,2,1578.2
941,386,136,5,1252.19
942,386,631,5,1970.98
943,386,719,4,3141.69
944,387,457,4,714.59
945,388,988,1,4309.76
946,388,402,5,2696.6
947,388,767,2,4665.99
948,389,706,4,2113.82
949,390,652,2,1261.83
950,391,84,1,1130.63
951,391,903,1,4888.79
952,391,894,1,3507.79
953,392,316,3,1588.09
954,392,207,3,1162.63
955,392,360,4,4917.22
956,392,594,1,108.41
957,393,482,4,4899.32
958,394,181,4,1263.05
959,395,351,1,1592.08
960,396,493,2,4071.6
961,396,932,3,3289.63
962,397,269,1,3630.31
963,397,645,4,4985.58
964,397,820,4,4958.47
965,398,569,1,4879.33
966,399,547,5,4146.01
967,400,152,1,3505.15
968,400,466,4,2798.03
969,400,679,4,51.72
970,400,812,3,2174.17
971,401,274,2,4185.08
972,401,269,4,3630.31
973,401,946,5,29.76
974,401,611,4,4524.65
975,402,76,5,2719.61
976,403,837,3,4778.69
977,403,209,2,3813.8
978,403,998,2,3122.0
979,404,675,2,3191.46
980,404,296,3,3121.33
981,404,118,3,1283.87
982,405,150,1,425.46
983,405,265,1,3261.03
984,405,622,3,569.06
985,406,550,2,1515.09
986,407,516,5,2725.52
987,407,265,4,3261.03
988,408,782,3,30.17
989,409,983,4,1086.85
990,409,2,1,4620.38
991,409,653,1,1616.09
992,409,947,2,565.84
993,410,957,3,4462.89
994,410,954,3,775.7
995,411,129,3,725.72
996,411,994,5,4974.89
997,412,442,3,4295.3
998,413,123,4,495.16
999,413,932,5,3289.63
1000,413,684,3,3171.63
1001,414,555,5,3746.27
1002,414,826,1,4080.53
1003,414,874,5,962.8
1004,415,635,1,918.43
1005,415,751,4,1617.58
1006,415,765,2,4096.86
1007,416,218,1,3504.43
1008,416,308,1,551.17
1009,416,354,3,781.13
1010,416,291,3,4645.42
1011,417,19,1,3829.57
1012,417,797,3,1323.77
1013,418,721,2,3008.89
1014,418,522,1,1210.35
1015,418,430,2,1342.12
1016,418,466,1,2798.03
1017,419,395,3,1354.56
1018,419,90,5,4572.54
1019,420,781,5,1520.1
1020,420,590,5,2178.22
1021,420,849,5,1191.77
1022,420,394,1,3743.09
1023,421,839,5,100.11
1024,421,597,5,2967.54
1025,421,390,1,4945.08
1026,422,716,2,1871.32
1027,422,201,4,3252.9
1028,423,130,5,1818.73
1029,423,969,2,1871.07
1030,424,944,4,2817.55
1031,425,439,4,1740.74
1032,425,429,4,3885.37
1033,425,348,5,2031.88
1034,425,42,3,4256.22
1035,426,482,1,4899.32
1036,426,640,2,3850.29
1037,426,280,5,4630.16
1038,426,705,3,790.79
1039,427,570,5,1488.22
1040,427,171,5,4592.58
1041,427,756,3,1464.19
1042,428,332,4,1830.43
1043,428,21,4,3448.12
1044,428,550,2,1515.09
1045,429,22,4,3926.13
1046,429,255,4,184.94
1047,429,517,3,518.03
1048,430,38,5,1956.63
1049,430,242,5,3081.34
1050,431,601,4,750.77
1051,431,672,2,1637.92
1052,431,120,3,1250.71
1053,432,308,3,551.17
1054,432,589,3,1166.95
1055,432,696,1,4808.96
1056,433,635,3,918.43
1057,433,898,5,3801.28
1058,434,220,3,4539.14
1059,434,852,1,259.95
1060,434,942,3,3168.13
1061,435,506,1,2783.31
1062,435,801,5,3103.93
1063,435,733,1,4716.29
1064,435,432,4,918.83
1065,436,894,4,3507.79
1066,436,589,3,1166.95
1067,437,130,2,1818.73
1068,437,215,4,4301.26
1069,437,180,4,1506.64
1070,437,190,4,1952.78
1071,438,646,3,557.17
1072,438,61,1,2659.46
1073,438,17,2,4229.21
1074,439,441,4,3018.51
1075,439,415,5,197.12
1076,439,37,5,1283.38
1077,439,849,5,1191.77
1078,440,473,2,1205.5
1079,440,971,1,3095.4
1080,440,258,3,1050.19
1081,441,183,1,3070.62
1082,441,643,4,3024.49
1083,441,168,5,262.17
1084,441,337,5,3423.05
1085,442,368,4,2735.74
1086,443,381,2,1717.36
1087,444,709,1,4599.64
1088,444,38,5,1956.63
1089,444,445,2,749.15
1090,444,578,3,2049.62
1091,445,924,5,3674.69
1092,445,420,1,853.22
1093,446,317,5,514.9
1094,446,23,3,4636.57
1095,446,320,4,2177.33
1096,447,820,5,4958.47
1097,447,728,5,3221.53
1098,448,972,1,3858.81
1099,448,335,4,4940.75
1100,448,153,3,2579.61
1101,448,806,2,2812.91
1102,449,715,1,4341.8
1103,449,422,2,4458.55
1104,449,955,2,2643.82
1105,449,162,5,3256.34
1106,450,355,2,691.41
1107,450,958,4,1650.18
1108,450,98,2,1126.52
1109,451,678,5,2669.17
1110,451,268,4,1005.59
1111,451,596,3,993.16
1112,451,1000,4,809.13
1113,452,807,3,3158.32
1114,452,955,4,2643.82
1115,453,776,2,2007.46
1116,453,543,4,838.04
1117,453,600,2,4484.66
1118,453,399,1,1498.12
1119,454,456,1,941.33
1120,454,757,4,2605.46
1121,454,146,1,1316.78
1122,454,464,3,4822.2
1123,455,759,2,2708.11
1124,455,745,1,2395.3
1125,455,793,2,2736.72
1126,456,31,3,130.31
1127,456,762,5,592.01
1128,456,459,5,1286.77
1129,456,672,3,1637.92
1130,457,600,3,4484.66
1131,458,496,2,4786.6
1132,458,827,5,3745.76
1133,458,774,2,1015.72
1134,458,964,4,2504.3
1135,459,40,2,1525.15
1136,459,611,4,4524.65
1137,459,893,4,1772.01
1138,459,917,3,48.5
1139,460,15,2,2476.41
1140,460,864,3,2194.8
1141,461,915,1,1722.49
1142,461,506,1,2783.31
1143,461,139,3,3004.03
1144,461,536,3,4114.63
1145,462,697,1,3869.49
1146,463,117,5,2948.6
1147,463,470,5,1785.13
1148,464,231,4,1136.98
1149,464,568,1,4091.9
1150,464,316,2,1588.09
1151,465,483,2,1906.71
1152,466,708,5,1019.64
1153,466,415,1,197.12
1154,466,359,3,1374.48
1155,466,950,1,1998.03
1156,467,73,3,4626.43
1157,467,806,1,2812.91
1158,467,673,4,4206.55
1159,468,836,3,1584.59
1160,468,961,4,1281.02
1161,468,625,2,2836.37
1162,468,534,3,4742.11
1163,469,139,1,3004.03
1164,469,822,4,4273.68
1165,470,557,3,3558.08
1166,470,837,3,4778.69
1167,471,180,4,1506.64
1168,472,321,3,4633.83
1169,472,452,1,4506.34
1170,472,446,4,880.58
1171,473,200,3,2568.3
1172,474,12,4,4484.41
1173,474,152,2,3505.15
1174,475,323,5,1060.54
1175,475,361,1,4877.59
1176,475,884,4,3458.55
1177,476,547,1,4146.01
1178,477,892,5,3415.02
1179,477,190,3,1952.78
1180,477,750,2,4260.75
1181,478,686,5,315.36
1182,479,400,5,503.41
1183,480,787,2,3603.41
1184,480,172,2,4367.1
1185,481,235,4,1319.96
1186,481,542,1,1155.7
1187,482,221,2,3864.79
1188,482,790,2,926.91
1189,482,96,1,914.63
1190,483,460,3,275.08
1191,484,304,1,1412.75
1192,484,732,2,1843.53
1193,485,198,1,1592.08
1194,485,930,3,1767.28
1195,486,27,1,1539.71
1196,486,709,2,4599.64
1197,486,214,3,3122.06
1198,486,450,5,2717.6
1199,487,116,4,3864.75
1200,488,727,4,1626.0
1201,488,427,4,4463.74
1202,488,4,5,858.5
1203,488,428,2,1689.93
1204,489,136,1,1252.19
1205,489,314,3,2462.62
1206,489,329,2,1430.03
1207,489,521,3,3493.57
1208,490,14,3,1507.73
1209,490,779,3,2290.85
1210,490,92,3,2952.81
1211,490,719,5,3141.69
1212,491,961,2,1281.02
1213,491,308,1,551.17
1214,491,495,5,2032.24
1215,492,738,1,3353.6
1216,492,537,3,827.79
1217,492,277,3,3338.7
1218,493,73,1,4626.43
1219,494,624,5,669.89
1220,494,134,5,3007.35
1221,494,43,5,2666.17
1222,495,164,3,3846.06
1223,495,702,4,3027.67
1224,495,868,4,4556.18
1225,496,654,3,4509.3
1226,496,311,1,3499.77
1227,496,677,4,4810.88
1228,496,484,4,4018.56
1229,497,540,4,1426.44
1230,497,254,4,4597.99
1231,497,614,5,2920.93
1232,497,800,5,2436.99
1233,498,248,4,3375.52
1234,498,982,2,2265.26
1235,499,811,3,678.02
1236,500,430,2,1342.12
1237,500,398,1,1145.37
1238,500,770,1,2129.96
1239,501,600,3,4484.66
1240,501,653,4,1616.09
1241,501,287,5,3426.9
1242,501,995,5,2341.91
1243,502,946,2,29.76
1244,502,267,1,3710.39
1245,503,343,3,1946.52
1246,503,219,4,4706.23
1247,503,233,2,4904.38
1248,504,850,2,4847.62
1249,504,561,3,4067.71
1250,504,593,3,2431.33
1251,504,360,2,4917.22
1252,505,294,2,3268.28
1253,505,931,4,3035.85
1254,505,139,3,3004.03
1255,505,788,2,2400.62
1256,506,80,4,2664.31
1257,506,391,4,2692.93
1258,506,199,4,1863.18
1259,506,342,3,4995.52
1260,507,882,5,451.73
1261,507,265,1,3261.03
1262,508,232,4,4081.67
1263,508,695,5,3883.77
1264,509,842,1,4234.5
1265,509,61,5,2659.46
1266,509,17,5,4229.21
1267,509,115,5,1080.19
1268,510,60,1,1194.75
1269,510,309,3,1797.63
1270,510,865,4,2806.65
1271,511,648,2,4569.46
1272,511,331,3,1653.73
1273,511,158,3,1031.43
1274,511,968,5,2190.07
1275,512,539,3,2773.59
1276,513,963,4,478.3
1277,513,335,4,4940.75
1278,513,511,5,3158.41
1279,514,661,1,624.13
1280,514,999,4,285.55
1281,514,244,3,3287.69
1282,514,924,5,3674.69
1283,515,946,3,29.76
1284,515,847,4,4482.91
1285,516,137,3,1215.93
1286,516,660,1,939.46
1287,517,509,2,4128.42
1288,518,547,1,4146.01
1289,518,38,3,1956.63
1290,518,867,3,4305.51
1291,519,384,2,4074.18
1292,519,510,3,301.13
1293,519,92,4,2952.81
1294,520,620,3,2989.93
1295,520,287,3,3426.9
1296,520,28,3,1819.04
1297,520,761,5,1597.39
1298,521,117,2,2948.6
1299,521,532,3,1225.93
1300,521,176,2,4558.19
1301,522,206,5,4904.61
1302,522,825,2,2987.54
1303,523,551,2,1707.17
1304,523,537,1,827.79
1305,523,217,1,2978.25
1306,523,508,5,2543.43
1307,524,504,2,3274.52
1308,524,42,2,4256.22
1309,524,72,1,3688.49
1310,525,25,4,3208.08
1311,525,427,4,4463.74
1312,526,757,2,2605.46
1313,526,608,1,2209.9
1314,526,274,2,4185.08
1315,527,357,4,4015.86
1316,527,527,5,2171.1
1317,528,188,4,2322.62
1318,528,766,3,274.42
1319,528,825,5,2987.54
1320,529,96,3,914.63
1321,530,600,4,4484.66
1322,530,8,2,1705.02
1323,530,940,5,3797.02
1324,531,597,5,2967.54
1325,531,868,3,4556.18
1326,532,999,2,285.55
1327,532,960,4,4837.82
1328,532,748,1,3958.31
1329,532,813,4,692.44
1330,533,855,3,4602.06
1331,533,785,2,2387.03
1332,533,689,3,1732.02
1333,533,4,3,858.5
1334,534,16,3,4093.32
1335,534,250,2,2648.71
1336,534,642,4,1095.94
1337,534,126,3,1316.71
1338,535,886,5,3548.6
1339,536,545,5,1072.2
1340,536,98,2,1126.52
1341,536,505,5,4467.14
1342,537,558,2,4157.11
1343,537,340,2,1991.99
1344,538,761,4,1597.39
1345,538,875,4,2843.98
1346,538,588,2,4234.93
1347,538,477,4,4644.73
1348,539,649,2,3253.86
1349,539,476,5,2208.58
1350,540,130,1,1818.73
1351,540,414,5,1323.71
1352,540,990,4,3082.79
1353,541,912,3,4442.01
1354,541,60,4,1194.75
1355,541,325,4,346.29
1356,541,888,4,3502.17
1357,542,514,4,2600.3
1358,542,958,1,1650.18
1359,542,737,1,1000.13
1360,542,725,4,1767.29
1361,543,370,2,351.88
1362,543,638,3,4941.57
1363,543,918,1,3639.93
1364,543,619,4,2465.62
1365,544,822,3,4273.68
1366,544,905,2,2030.98
1367,545,684,2,3171.63
1368,546,515,3,2861.65
1369,546,210,5,703.64
1370,546,950,1,1998.03
1371,546,347,4,895.74
1372,547,118,5,1283.87
1373,548,265,4,3261.03
1374,549,986,2,40.43
1375,549,443,2,739.82
1376,549,805,5,2804.24
1377,550,158,1,1031.43
1378,550,331,5,1653.73
1379,550,146,3,1316.78
1380,551,516,5,2725.52
1381,551,283,1,4720.31
1382,551,330,4,3734.21
1383,552,621,1,3133.21
1384,552,810,3,594.32
1385,553,855,1,4602.06
1386,553,13,2,2872.68
1387,553,78,4,1184.17
1388,554,941,5,4095.49
1389,554,581,4,3755.57
1390,554,486,5,34.01
1391,555,837,3,4778.69
1392,555,447,5,3976.03
1393,556,207,2,1162.63
1394,557,454,2,3958.75
1395,558,944,3,2817.55
1396,558,761,5,1597.39
1397,558,840,4,2395.84
1398,559,194,3,893.21
1399,559,979,2,345.59
1400,559,830,4,1008.83
1401,559,279,2,300.15
1402,560,580,4,432.4
1403,561,141,5,3671.53
1404,561,442,3,4295.3
1405,561,408,1,616.57
1406,561,478,2,3790.98
1407,562,997,4,544.56
1408,562,721,4,3008.89
1409,562,602,4,2373.76
1410,563,981,2,3218.64
1411,563,497,1,338.6
1412,563,271,5,3292.71
1413,563,5,4,3662.27
1414,564,651,5,882.17
1415,564,179,5,1857.89
1416,564,821,2,1129.8
1417,565,444,5,2449.88
1418,565,251,2,1855.06
1419,565,894,2,3507.79
1420,566,940,1,3797.02
1421,566,82,2,69.59
1422,566,596,5,993.16
1423,566,823,5,3980.24
1424,567,946,5,29.76
1425,567,670,1,1362.43
1426,567,757,3,2605.46
1427,568,83,5,1137.26
1428,568,714,5,3028.62
1429,568,419,1,3296.62
1430,568,263,5,3382.32
1431,569,854,2,322.85
1432,569,451,2,3853.02
1433,569,182,4,332.53
1434,570,527,1,2171.1
1435,570,437,5,3742.31
1436,570,49,1,227.79
1437,571,846,3,1658.26
1438,571,862,4,486.19
1439,572,562,1,4579.28
1440,573,64,5,365.99
1441,573,328,5,1892.48
1442,573,348,5,2031.88
1443,573,576,1,3017.83
1444,574,736,5,4996.79
1445,574,365,5,3678.54
1446,574,139,2,3004.03
1447,575,816,1,1313.21
1448,576,889,3,4340.15
1449,577,867,1,4305.51
1450,577,309,1,1797.63
1451,577,715,2,4341.8
1452,578,18,2,4359.63
1453,578,809,3,4468.87
1454,578,919,3,2429.49
1455,579,842,5,4234.5
1456,579,197,3,3459.76
1457,579,213,4,3166.23
1458,579,160,1,346.7
1459,580,3,2,666.67
1460,580,592,5,2110.32
1461,580,471,5,1036.78
1462,580,655,3,196.34
1463,581,283,1,4720.31
1464,581,319,4,2849.05
1465,581,244,4,3287.69
1466,582,179,5,1857.89
1467,582,911,2,632.76
1468,582,474,4,1467.93
1469,582,590,4,2178.22
1470,583,91,1,3164.79
1471,583,851,3,2321.88
1472,584,605,4,848.82
1473,585,769,3,3390.67
1474,585,857,1,1428.41
1475,585,303,2,4631.47
1476,585,606,3,3958.83
1477,586,664,4,4633.21
1478,586,683,3,4972.84
1479,586,238,4,4838.19
1480,587,368,2,2735.74
1481,587,833,1,3961.83
1482,587,239,5,684.52
1483,588,170,4,1395.33
1484,589,124,1,2476.32
1485,589,827,2,3745.76
1486,590,222,4,2999.51
1487,591,59,1,1186.59
1488,591,287,4,3426.9
1489,591,244,2,3287.69
1490,591,740,5,321.37
1491,592,68,3,393.44
1492,593,351,3,1592.08
1493,593,437,1,3742.31
1494,594,475,1,1385.53
1495,594,993,2,2708.83
1496,594,95,3,2066.22
1497,594,808,2,1358.68
1498,595,362,2,1946.9
1499,595,791,1,4652.25
1500,596,477,2,4644.73
1501,597,197,1,3459.76
1502,597,739,4,1650.81
1503,597,717,4,770.96
1504,597,592,4,2110.32
1505,598,58,1,199.44
1506,598,464,3,4822.2
1507,599,831,1,3018.81
1508,600,350,2,562.66
1509,600,915,2,1722.49
1510,600,527,4,2171.1
1511,601,732,5,1843.53
1512,601,521,3,3493.57
1513,601,768,5,2286.1
1514,601,677,1,4810.88
1515,602,316,1,1588.09
1516,603,284,2,3211.16
1517,603,617,3,3832.16
1518,603,291,3,4645.42
1519,603,296,4,3121.33
1520,604,889,1,4340.15
1521,604,410,5,1329.37
1522,604,818,5,2221.41
1523,605,335,1,4940.75
1524,606,228,3,1225.75
1525,606,540,3,1426.44
1526,606,79,1,999.76
1527,606,562,4,4579.28
1528,607,337,4,3423.05
1529,607,561,5,4067.71
1530,607,925,2,3811.72
1531,608,393,5,1473.33
1532,608,893,2,1772.01
1533,608,269,3,3630.31
1534,609,407,5,3191.19
1535,609,438,2,914.02
1536,609,101,5,1398.13
1537,609,761,5,1597.39
1538,610,287,5,3426.9
1539,610,546,1,4829.93
1540,611,197,2,3459.76
1541,612,41,3,2392.71
1542,612,8,4,1705.02
1543,613,372,3,391.47
1544,613,727,2,1626.0
1545,613,631,1,1970.98
1546,614,621,2,3133.21
1547,614,451,2,3853.02
1548,614,269,5,3630.31
1549,615,839,4,100.11
1550,615,172,3,4367.1
1551,616,581,5,3755.57
1552,617,706,4,2113.82
1553,617,380,5,537.6
1554,618,647,1,3581.87
1555,618,995,4,2341.91
1556,619,298,1,1808.09
1557,619,521,5,3493.57
1558,619,670,3,1362.43
1559,620,813,1,692.44
1560,620,277,1,3338.7
1561,620,288,5,3903.01
1562,621,709,1,4599.64
1563,621,181,3,1263.05
1564,621,625,2,2836.37
1565,621,205,3,1200.59
1566,622,648,1,4569.46
1567,622,897,2,293.89
1568,623,233,4,4904.38
1569,623,722,3,3729.17
1570,624,516,4,2725.52
1571,624,681,4,1102.73
1572,624,616,4,1847.9
1573,625,51,3,168.2
1574,626,980,1,2590.0
1575,626,221,3,3864.79
1576,626,39,2,277.85
1577,627,24,3,3093.89
1578,628,706,5,2113.82
1579,628,297,2,2424.22
1580,628,158,5,1031.43
1581,629,734,5,3082.61
1582,629,656,5,72.76
1583,629,127,3,65.42
1584,629,750,2,4260.75
1585,630,710,1,2050.28
1586,630,122,4,339.32
1587,630,987,3,3371.78
1588,631,282,4,248.16
1589,632,89,4,4254.66
1590,633,414,2,1323.71
1591,633,497,2,338.6
1592,633,765,1,4096.86
1593,633,437,3,3742.31
1594,634,385,3,1641.97
1595,634,818,4,2221.41
1596,635,703,1,350.11
1597,635,586,1,185.24
1598,635,357,1,4015.86
1599,635,427,3,4463.74
1600,636,972,2,3858.81
1601,636,914,4,3845.67
1602,637,85,1,786.68
1603,637,907,1,1341.38
1604,638,376,1,2970.54
1605,638,543,2,838.04
1606,639,916,2,1740.03
1607,639,935,1,1666.19
1608,639,103,1,4794.48
1609,639,145,1,2438.42
1610,640,398,4,1145.37
1611,641,710,2,2050.28
1612,642,483,1,1906.71
1613,642,848,4,4822.8
1614,642,166,2,4502.53
1615,643,536,4,4114.63
1616,643,789,3,4110.09
1617,644,11,1,3337.22
1618,644,359,4,1374.48
1619,645,283,1,4720.31
1620,645,170,5,1395.33
1621,645,348,3,2031.88
1622,645,534,3,4742.11
1623,646,608,4,2209.9
1624,647,727,2,1626.0
1625,647,630,1,2202.43
1626,647,56,1,2262.05
1627,647,494,4,4372.78
1628,648,313,5,4848.88
1629,648,875,4,2843.98
1630,649,867,5,4305.51
1631,649,13,3,2872.68
1632,649,677,1,4810.88
1633,650,907,5,1341.38
1634,650,269,3,3630.31
1635,651,583,4,3110.44
1636,652,474,1,1467.93
1637,653,770,5,2129.96
1638,653,192,2,1786.18
1639,653,367,5,1794.16
1640,654,108,3,356.41
1641,654,184,3,1296.51
1642,654,883,3,2310.61
1643,655,150,1,425.46
1644,655,147,5,4768.29
1645,655,419,2,3296.62
1646,656,417,4,2292.35
1647,656,129,3,725.72
1648,656,176,5,4558.19
1649,656,273,2,1311.66
1650,657,26,4,2155.08
1651,657,99,1,2009.52
1652,658,361,2,4877.59
1653,658,541,1,4757.65
1654,659,880,3,1156.1
1655,659,830,5,1008.83
1656,659,608,1,2209.9
1657,659,873,3,2361.45
1658,660,343,2,1946.52
1659,661,620,5,2989.93
1660,661,177,5,2785.3
1661,662,363,4,4618.55
1662,662,382,5,3848.32
1663,662,896,1,3574.4
1664,663,802,3,1248.18
1665,663,463,1,2375.54
1666,663,788,2,2400.62
1667,664,716,5,1871.32
1668,664,860,4,44.57
1669,664,631,3,1970.98
1670,664,580,3,432.4
1671,665,40,4,1525.15
1672,665,473,2,1205.5
1673,665,482,4,4899.32
1674,665,556,1,1589.51
1675,666,822,4,4273.68
1676,666,565,3,505.06
1677,667,817,4,409.02
1678,667,944,3,2817.55
1679,668,553,3,990.55
1680,669,49,3,227.79
1681,669,762,1,592.01
1682,670,176,1,4558.19
1683,670,490,1,372.9
1684,670,908,3,2513.11
1685,670,210,1,703.64
1686,671,39,1,277.85
1687,671,317,5,514.9
1688,671,730,4,427.9
1689,671,121,4,324.69
1690,672,712,2,1643.57
1691,672,126,4,1316.71
1692,672,824,3,1821.31
1693,672,505,3,4467.14
1694,673,338,4,2330.99
1695,673,941,5,4095.49
1696,673,72,3,3688.49
1697,673,521,3,3493.57
1698,674,833,1,3961.83
1699,674,229,5,2746.71
1700,674,906,3,1050.2
1701,675,512,5,1382.42
1702,675,416,3,3346.81
1703,675,32,3,2477.91
1704,675,202,4,2168.48
1705,676,475,5,1385.53
1706,676,840,5,2395.84
1707,677,469,1,470.99
1708,677,708,3,1019.64
1709,677,43,5,2666.17
1710,677,612,4,2546.52
1711,678,532,3,1225.93
1712,678,472,2,2410.78
1713,678,415,5,197.12
1714,678,717,3,770.96
1715,679,799,3,2319.65
1716,679,43,1,2666.17
1717,680,158,3,1031.43
1718,681,841,1,2350.05
1719,681,330,1,3734.21
1720,682,390,2,4945.08
1721,682,177,2,2785.3
1722,683,19,5,3829.57
1723,683,833,5,3961.83
1724,684,160,1,346.7
1725,685,966,1,51.05
1726,686,639,1,1674.5
1727,686,850,2,4847.62
1728,687,54,5,683.69
1729,688,4,5,858.5
1730,689,323,1,1060.54
1731,689,564,1,3956.27
1732,690,824,4,1821.31
1733,690,141,1,3671.53
1734,690,603,3,3126.19
1735,691,256,5,2501.1
1736,692,535,2,3070.89
1737,692,689,1,1732.02
1738,692,247,4,1486.48
1739,693,689,4,1732.02
1740,694,442,3,4295.3
1741,695,41,3,2392.71
1742,695,405,3,3619.81
1743,696,790,3,926.91
1744,697,584,5,259.88
1745,697,37,1,1283.38
1746,697,750,1,4260.75
1747,697,285,3,1590.21
1748,698,554,3,4863.94
1749,699,333,4,265.78
1750,699,418,3,1460.58
1751,700,772,1,3756.54
1752,700,6,5,796.25
1753,700,68,2,393.44
1754,700,636,1,4037.02
1755,701,219,4,4706.23
1756,701,792,4,1897.66
1757,702,356,3,4392.89
1758,702,427,3,4463.74
1759,702,672,4,1637.92
1760,703,656,3,72.76
1761,704,594,2,108.41
1762,704,114,2,4467.94
1763,704,120,5,1250.71
1764,705,524,2,875.22
1765,705,220,3,4539.14
1766,705,710,3,2050.28
1767,705,546,2,4829.93
1768,706,397,3,1521.63
1769,706,710,4,2050.28
1770,706,921,5,4655.32
1771,707,503,5,100.86
1772,708,722,2,3729.17
1773,708,878,1,4145.68
1774,708,416,3,3346.81
1775,709,303,1,4631.47
1776,709,119,3,4244.56
1777,709,691,3,1518.48
1778,709,533,3,66.67
1779,710,552,5,2991.48
1780,710,50,2,4418.64
1781,711,685,3,2475.58
1782,711,514,1,2600.3
1783,711,478,1,3790.98
1784,711,991,1,3052.68
1785,712,970,3,1747.18
1786,712,419,3,3296.62
1787,713,468,1,1182.03
1788,714,807,2,3158.32
1789,714,521,4,3493.57
1790,714,116,2,3864.75
1791,714,415,3,197.12
1792,715,170,5,1395.33
1793,715,719,2,3141.69
1794,716,458,1,864.79
1795,716,466,2,2798.03
1796,716,838,4,31.64
1797,717,797,2,1323.77
1798,718,755,4,3723.86
1799,718,446,5,880.58
1800,719,253,5,1291.64
1801,719,98,4,1126.52
1802,719,309,2,1797.63
1803,719,830,5,1008.83
1804,720,98,5,1126.52
1805,721,622,5,569.06
1806,721,594,2,108.41
1807,721,545,4,1072.2
1808,722,629,5,2637.02
1809,723,57,3,2542.56
1810,723,213,3,3166.23
1811,723,532,5,1225.93
1812,724,747,5,2651.9
1813,724,344,5,4410.42
1814,725,373,5,2925.7
1815,725,185,1,1822.18
1816,725,835,2,4585.78
1817,726,247,1,1486.48
1818,726,948,3,2920.41
1819,726,185,5,1822.18
1820,726,911,5,632.76
1821,727,12,4,4484.41
1822,727,382,5,3848.32
1823,728,100,3,4729.6
1824,728,578,4,2049.62
1825,729,790,5,926.91
1826,729,999,3,285.55
1827,729,269,1,3630.31
1828,730,926,2,3544.21
1829,730,576,5,3017.83
1830,731,925,4,3811.72
1831,731,481,5,822.53
1832,732,765,2,4096.86
1833,732,741,3,3146.1
1834,732,437,2,3742.31
1835,733,148,3,1952.13
1836,733,575,2,4949.43
1837,733,881,1,3603.79
1838,733,541,1,4757.65
1839,734,258,4,1050.19
1840,734,399,2,1498.12
1841,734,28,2,1819.04
1842,735,699,1,2460.08
1843,735,485,3,514.48
1844,735,268,2,1005.59
1845,735,387,4,3970.68
1846,736,543,2,838.04
1847,736,541,3,4757.65
1848,737,803,4,1257.99
1849,737,958,1,1650.18
1850,737,645,4,4985.58
1851,738,969,1,1871.07
1852,738,505,3,4467.14
1853,738,129,3,725.72
1854,738,313,4,4848.88
1855,739,670,3,1362.43
1856,739,783,1,737.67
1857,739,623,4,195.62
1858,740,300,3,4712.96
1859,740,818,2,2221.41
1860,741,404,1,4536.68
1861,741,476,3,2208.58
1862,741,217,5,2978.25
1863,742,158,5,1031.43
1864,742,1000,3,809.13
1865,742,555,2,3746.27
1866,743,639,3,1674.5
1867,743,817,1,409.02
1868,744,893,2,1772.01
1869,744,135,1,4416.19
1870,744,1,5,3789.38
1871,745,920,4,253.13
1872,745,61,4,2659.46
1873,745,827,5,3745.76
1874,746,680,5,3352.35
1875,746,120,3,1250.71
1876,746,553,3,990.55
1877,746,917,3,48.5
1878,747,414,1,1323.71
1879,747,562,3,4579.28
1880,747,285,5,1590.21
1881,748,865,4,2806.65
1882,749,988,1,4309.76
1883,750,226,5,1005.01
1884,750,402,1,2696.6
1885,750,76,5,2719.61
1886,750,729,4,3533.3
1887,751,947,3,565.84
1888,752,454,1,3958.75
1889,753,56,4,2262.05
1890,753,958,5,1650.18
1891,753,328,1,1892.48
1892,754,277,2,3338.7
1893,754,570,2,1488.22
1894,755,34,3,4000.44
1895,755,77,2,92.03
1896,755,48,3,1201.09
1897,755,28,5,1819.04
1898,756,56,3,2262.05
1899,756,632,2,3707.12
1900,757,115,1,1080.19
1901,757,475,1,1385.53
1902,758,234,1,3753.88
1903,758,773,3,1254.91
1904,758,156,2,3026.3
1905,759,412,2,4096.1
1906,759,463,3,2375.54
1907,760,754,5,3068.5
1908,761,72,3,3688.49
1909,761,446,3,880.58
1910,761,567,2,2062.49
1911,762,887,4,2528.7
1912,762,262,4,3321.24
1913,762,937,1,1541.45
1914,763,455,4,3367.74
1915,763,209,2,3813.8
1916,763,693,4,1697.86
1917,764,68,3,393.44
1918,764,800,1,2436.99
1919,764,146,4,1316.78
1920,764,19,2,3829.57
1921,765,228,1,1225.75
1922,766,7,3,3153.17
1923,766,958,1,1650.18
1924,766,270,2,2299.47
1925,767,348,4,2031.88
1926,767,357,5,4015.86
1927,767,15,3,2476.41
1928,767,107,3,3616.28
1929,768,248,2,3375.52
1930,768,466,1,2798.03
1931,768,254,3,4597.99
1932,768,536,4,4114.63
1933,769,451,3,3853.02
1934,770,141,1,3671.53
1935,770,853,5,113.42
1936,770,744,3,2225.39
1937,771,862,2,486.19
1938,772,345,4,3135.75
1939,772,103,5,4794.48
1940,772,578,5,2049.62
1941,773,527,1,2171.1
1942,773,949,2,2402.14
1943,774,508,3,2543.43
1944,774,855,2,4602.06
1945,775,727,3,1626.0
1946,775,847,4,4482.91
1947,775,390,3,4945.08
1948,775,364,3,4497.23
1949,776,303,5,4631.47
1950,777,194,2,893.21
1951,777,361,4,4877.59
1952,778,776,4,2007.46
1953,778,762,4,592.01
1954,778,472,5,2410.78
1955,778,875,2,2843.98
1956,779,526,4,673.86
1957,779,406,1,4646.01
1958,780,953,5,1211.19
1959,780,858,1,2690.82
1960,780,486,4,34.01
1961,780,580,3,432.4
1962,781,245,2,569.55
1963,781,314,4,2462.62
1964,782,509,4,4128.42
1965,782,5,3,3662.27
1966,782,530,4,4605.04
1967,783,352,2,3093.73
1968,783,477,4,4644.73
1969,783,66,2,2923.71
1970,784,73,2,4626.43
1971,785,498,3,3117.45
1972,785,153,4,2579.61
1973,785,726,5,2161.47
1974,786,717,5,770.96
1975,786,734,3,3082.61
1976,787,471,3,1036.78
1977,787,293,2,1452.34
1978,787,305,3,47.43
1979,788,785,1,2387.03
1980,788,126,5,1316.71
1981,788,937,1,1541.45
1982,788,210,4,703.64
1983,789,296,3,3121.33
1984,789,152,1,3505.15
1985,789,761,1,1597.39
1986,789,313,4,4848.88
1987,790,501,1,3615.82
1988,790,643,2,3024.49
1989,790,678,5,2669.17
1990,791,386,1,1108.03
1991,791,618,5,1298.64
1992,792,509,5,4128.42
1993,793,646,2,557.17
1994,793,133,2,4071.52
1995,793,681,5,1102.73
1996,793,353,5,4121.58
1997,794,876,2,993.89
1998,794,366,2,262.64
1999,795,787,2,3603.41
2000,796,635,3,918.43
2001,796,350,3,562.66
2002,796,146,1,1316.78
2003,796,950,1,1998.03
2004,797,251,4,1855.06
2005,798,19,2,3829.57
2006,798,466,2,2798.03
2007,798,88,2,3705.32
2008,798,951,4,393.14
2009,799,586,2,185.24
2010,799,897,4,293.89
2011,800,438,3,914.02
2012,800,443,5,739.82
2013,800,490,4,372.9
2014,801,556,5,1589.51
2015,802,627,4,2673.91
2016,802,145,5,2438.42
2017,802,100,5,4729.6
2018,803,291,2,4645.42
2019,804,584,1,259.88
2020,804,499,5,2978.82
2021,805,809,4,4468.87
2022,806,311,5,3499.77
2023,807,633,2,3996.71
2024,807,606,1,3958.83
2025,807,928,1,293.65
2026,808,177,4,2785.3
2027,808,103,2,4794.48
2028,808,854,1,322.85
2029,808,331,1,1653.73
2030,809,332,4,1830.43
2031,810,745,1,2395.3
2032,811,823,4,3980.24
2033,811,227,5,129.84
2034,811,709,5,4599.64
2035,811,61,1,2659.46
2036,812,712,2,1643.57
2037,812,225,2,3934.32
2038,812,833,3,3961.83
2039,812,342,3,4995.52
2040,813,230,4,1139.0
2041,813,858,5,2690.82
2042,813,378,5,565.45
2043,813,714,4,3028.62
2044,814,54,4,683.69
2045,815,496,5,4786.6
2046,815,949,1,2402.14
2047,816,958,2,1650.18
2048,816,90,4,4572.54
2049,817,57,4,2542.56
2050,818,523,1,2764.51
2051,818,98,3,1126.52
2052,819,492,5,2502.0
2053,820,881,1,3603.79
2054,821,279,4,300.15
2055,821,677,3,4810.88
2056,821,564,5,3956.27
2057,821,595,1,1171.26
2058,822,50,2,4418.64
2059,822,111,1,893.47
2060,822,279,2,300.15
2061,823,318,3,4257.73
2062,824,28,4,1819.04
2063,824,335,2,4940.75
2064,824,161,1,1392.0
2065,824,497,4,338.6
2066,825,266,3,1494.19
2067,826,608,2,2209.9
2068,826,477,2,4644.73
2069,826,186,2,2831.7
2070,827,910,3,3246.71
2071,827,957,3,4462.89
2072,828,488,2,2558.42
2073,828,391,3,2692.93
2074,829,827,2,3745.76
2075,829,844,3,3882.39
2076,829,201,2,3252.9
2077,829,900,1,3821.28
2078,830,385,1,1641.97
2079,830,821,2,1129.8
2080,830,179,2,1857.89
2081,831,350,2,562.66
2082,832,609,4,399.08
2083,833,259,3,555.84
2084,834,164,1,3846.06
2085,835,903,1,4888.79
2086,835,929,5,1619.6
2087,835,171,3,4592.58
2088,836,324,1,4150.07
2089,836,909,5,3272.87
2090,836,987,1,3371.78
2091,837,441,2,3018.51
2092,837,755,3,3723.86
2093,837,181,4,1263.05
2094,837,633,1,3996.71
2095,838,960,2,4837.82
2096,838,921,3,4655.32
2097,838,145,5,2438.42
2098,839,413,2,2396.57
2099,839,763,1,606.19
2100,840,573,2,1534.06
2101,841,254,1,4597.99
2102,841,561,3,4067.71
2103,841,919,4,2429.49
2104,842,592,4,2110.32
2105,842,522,3,1210.35
2106,843,621,2,3133.21
2107,843,834,2,487.86
2108,843,20,5,1732.71
2109,844,283,1,4720.31
2110,844,59,4,1186.59
2111,844,223,1,2203.44
2112,845,244,4,3287.69
2113,846,221,3,3864.79
2114,846,225,5,3934.32
2115,846,744,2,2225.39
2116,846,317,3,514.9
2117,847,653,1,1616.09
2118,847,304,3,1412.75
2119,847,450,5,2717.6
2120,848,649,1,3253.86
2121,848,547,5,4146.01
2122,849,465,2,497.52
2123,849,752,1,912.59
2124,849,337,1,3423.05
2125,849,267,1,3710.39
2126,850,421,2,1393.22
2127,851,456,5,941.33
2128,851,28,1,1819.04
2129,851,720,4,624.12
2130,851,245,4,569.55
2131,852,781,2,1520.1
2132,852,666,1,3046.8
2133,853,939,5,1146.86
2134,853,842,3,4234.5
2135,854,824,3,1821.31
2136,854,159,2,3000.65
2137,854,123,3,495.16
2138,855,31,1,130.31
2139,855,840,5,2395.84
2140,855,51,5,168.2
2141,856,770,5,2129.96
2142,856,295,5,3437.1
2143,857,882,3,451.73
2144,858,120,5,1250.71
2145,858,499,1,2978.82
2146,859,291,3,4645.42
2147,859,386,1,1108.03
2148,860,834,2,487.86
2149,860,942,1,3168.13
2150,860,723,2,496.42
2151,861,16,5,4093.32
2152,861,560,2,3032.68
2153,861,768,4,2286.1
2154,861,769,4,3390.67
2155,862,647,1,3581.87
2156,863,343,2,1946.52
2157,864,769,2,3390.67
2158,864,508,5,2543.43
2159,864,412,5,4096.1
2160,865,502,3,3852.35
2161,865,672,3,1637.92
2162,865,769,4,3390.67
2163,865,387,1,3970.68
2164,866,131,1,3802.51
2165,867,205,5,1200.59
2166,867,869,3,3990.83
2167,867,672,3,1637.92
2168,867,277,2,3338.7
2169,868,375,5,3353.22
2170,868,970,4,1747.18
2171,869,916,1,1740.03
2172,869,636,4,4037.02
2173,870,894,5,3507.79
2174,870,532,5,1225.93
2175,870,858,2,2690.82
2176,871,992,2,1905.06
2177,871,599,1,226.28
2178,871,450,1,2717.6
2179,872,914,3,3845.67
2180,872,72,4,3688.49
2181,873,788,3,2400.62
2182,873,669,2,4748.14
2183,874,94,2,2194.79
2184,874,878,4,4145.68
2185,874,183,5,3070.62
2186,874,58,5,199.44
2187,875,42,3,4256.22
2188,875,252,1,238.93
2189,876,210,5,703.64
2190,876,512,4,1382.42
2191,877,25,3,3208.08
2192,877,663,3,672.02
2193,877,462,4,3134.33
2194,877,850,4,4847.62
2195,878,495,4,2032.24
2196,878,275,3,4202.97
2197,878,873,5,2361.45
2198,879,559,3,4305.66
2199,879,388,4,1292.71
2200,879,622,1,569.06
2201,879,25,3,3208.08
2202,880,646,4,557.17
2203,880,912,1,4442.01
2204,880,464,1,4822.2
2205,881,883,5,2310.61
2206,881,674,4,4664.21
2207,882,507,2,1404.42
2208,882,582,3,592.62
2209,883,276,1,1385.24
2210,883,74,5,2743.49
2211,883,347,1,895.74
2212,884,667,3,1931.02
2213,885,79,3,999.76
2214,886,534,3,4742.11
2215,886,699,3,2460.08
2216,886,369,1,3182.47
2217,887,437,4,3742.31
2218,888,229,4,2746.71
2219,888,870,4,4831.31
2220,889,540,2,1426.44
2221,890,304,5,1412.75
2222,891,266,2,1494.19
2223,891,34,1,4000.44
2224,891,449,5,4649.81
2225,892,662,3,4519.9
2226,892,630,1,2202.43
2227,892,671,5,168.23
2228,893,700,4,120.2
2229,893,724,5,2004.68
2230,893,129,1,725.72
2231,894,191,3,4102.18
2232,895,761,2,1597.39
2233,895,46,1,3791.18
2234,895,632,5,3707.12
2235,896,375,2,3353.22
2236,896,648,2,4569.46
2237,896,722,1,3729.17
2238,896,540,5,1426.44
2239,897,205,3,1200.59
2240,898,477,5,4644.73
2241,898,296,4,3121.33
2242,899,256,4,2501.1
2243,899,328,4,1892.48
2244,899,165,4,1298.33
2245,900,327,1,3088.55
2246,900,776,5,2007.46
2247,901,624,1,669.89
2248,901,417,5,2292.35
2249,901,50,5,4418.64
2250,901,239,5,684.52
2251,902,439,5,1740.74
2252,902,157,4,706.05
2253,902,432,5,918.83
2254,902,691,2,1518.48
2255,903,993,2,2708.83
2256,903,78,5,1184.17
2257,903,269,2,3630.31
2258,904,311,5,3499.77
2259,905,873,2,2361.45
2260,905,843,4,1097.41
2261,906,747,4,2651.9
2262,906,978,1,1569.76
2263,906,41,2,2392.71
2264,906,101,1,1398.13
2265,907,726,2,2161.47
2266,907,598,3,2855.77
2267,908,985,2,3243.66
2268,908,11,3,3337.22
2269,908,354,2,781.13
2270,909,465,3,497.52
2271,909,219,3,4706.23
2272,909,892,2,3415.02
2273,909,97,1,3151.6
2274,910,955,1,2643.82
2275,911,702,3,3027.67
2276,911,932,3,3289.63
2277,911,891,1,4045.36
2278,912,222,5,2999.51
2279,912,433,4,168.06
2280,912,985,3,3243.66
2281,913,93,3,3154.24
2282,913,564,1,3956.27
2283,913,853,3,113.42
2284,914,705,3,790.79
2285,914,684,2,3171.63
2286,914,863,4,2529.17
2287,914,994,4,4974.89
2288,915,961,5,1281.02
2289,915,738,1,3353.6
2290,915,335,1,4940.75
2291,915,427,4,4463.74
2292,916,69,3,1674.94
2293,916,251,2,1855.06
2294,917,56,5,2262.05
2295,917,298,4,1808.09
2296,917,30,4,1001.94
2297,917,942,3,3168.13
2298,918,317,3,514.9
2299,918,688,3,1735.97
2300,919,664,3,4633.21
2301,919,824,2,1821.31
2302,919,426,2,1797.97
2303,919,932,2,3289.63
2304,920,877,1,3632.46
2305,920,940,2,3797.02
2306,920,17,1,4229.21
2307,920,141,4,3671.53
2308,921,221,5,3864.79
2309,921,911,2,632.76
2310,921,536,5,4114.63
2311,921,680,3,3352.35
2312,922,111,1,893.47
2313,922,911,4,632.76
2314,923,119,4,4244.56
2315,923,415,1,197.12
2316,923,131,3,3802.51
2317,923,463,5,2375.54
2318,924,341,1,3104.26
2319,925,503,2,100.86
2320,925,508,2,2543.43
2321,926,788,1,2400.62
2322,926,67,1,827.46
2323,926,881,5,3603.79
2324,926,120,1,1250.71
2325,927,490,1,372.9
2326,927,898,4,3801.28
2327,927,497,2,338.6
2328,928,732,5,1843.53
2329,929,92,2,2952.81
2330,929,340,2,1991.99
2331,929,140,2,1785.05
2332,929,418,5,1460.58
2333,930,998,5,3122.0
2334,931,190,2,1952.78
2335,931,650,5,1525.24
2336,931,2,3,4620.38
2337,932,677,2,4810.88
2338,932,356,4,4392.89
2339,932,859,5,1616.93
2340,932,722,4,3729.17
2341,933,305,2,47.43
2342,933,434,3,234.75
2343,933,687,5,1452.37
2344,934,844,5,3882.39
2345,934,891,4,4045.36
2346,934,605,4,848.82
2347,935,713,3,1475.09
2348,935,948,1,2920.41
2349,935,983,4,1086.85
2350,936,187,5,645.2
2351,936,472,5,2410.78
2352,937,367,3,1794.16
2353,938,725,2,1767.29
2354,938,510,5,301.13
2355,938,150,3,425.46
2356,939,530,5,4605.04
2357,939,869,5,3990.83
2358,939,385,4,1641.97
2359,940,920,1,253.13
2360,940,124,5,2476.32
2361,940,790,2,926.91
2362,941,281,2,131.69
2363,941,374,1,4264.9
2364,942,720,4,624.12
2365,942,55,1,1558.08
2366,942,473,5,1205.5
2367,942,964,1,2504.3
2368,943,968,2,2190.07
2369,943,938,1,2128.76
2370,943,313,3,4848.88
2371,944,716,5,1871.32
2372,944,966,4,51.05
2373,944,451,5,3853.02
2374,944,941,4,4095.49
2375,945,677,3,4810.88
2376,945,53,3,827.69
2377,945,466,3,2798.03
2378,946,605,3,848.82
2379,946,716,4,1871.32
2380,946,167,3,1747.62
2381,946,334,2,3257.74
2382,947,251,1,1855.06
2383,947,908,5,2513.11
2384,947,958,5,1650.18
2385,948,580,2,432.4
2386,948,789,3,4110.09
2387,948,145,4,2438.42
2388,949,561,4,4067.71
2389,950,503,3,100.86
2390,950,636,4,4037.02
2391,950,139,5,3004.03
2392,950,755,1,3723.86
2393,951,791,5,4652.25
2394,951,637,2,2554.2
2395,951,799,1,2319.65
2396,951,372,1,391.47
2397,952,427,2,4463.74
2398,953,990,5,3082.79
2399,953,635,1,918.43
2400,953,428,4,1689.93
2401,953,652,1,1261.83
2402,954,892,2,3415.02
2403,954,988,2,4309.76
2404,954,743,5,77.95
2405,954,305,1,47.43
2406,955,877,2,3632.46
2407,955,92,1,2952.81
2408,955,333,1,265.78
2409,955,906,1,1050.2
2410,956,814,2,1034.85
2411,957,452,2,4506.34
2412,957,585,3,3827.81
2413,958,175,1,663.88
2414,959,948,1,2920.41
2415,959,820,2,4958.47
2416,959,419,5,3296.62
2417,959,896,5,3574.4
2418,960,878,5,4145.68
2419,960,440,4,2833.7
2420,960,166,3,4502.53
2421,960,158,5,1031.43
2422,961,827,2,3745.76
2423,961,269,5,3630.31
2424,961,904,4,1159.6
2425,962,638,3,4941.57
2426,963,85,2,786.68
2427,963,366,3,262.64
2428,964,149,2,60.73
2429,964,50,1,4418.64
2430,965,922,2,1631.62
2431,965,689,1,1732.02
2432,965,784,4,3079.03
2433,965,78,3,1184.17
2434,966,360,5,4917.22
2435,967,870,5,4831.31
2436,968,98,3,1126.52
2437,969,236,1,2073.46
2438,970,501,5,3615.82
2439,970,663,1,672.02
2440,971,913,4,3135.04
2441,971,257,3,2333.81
2442,972,181,2,1263.05
2443,972,62,4,29.81
2444,973,508,4,2543.43
2445,974,475,5,1385.53
2446,975,432,3,918.83
2447,975,891,5,4045.36
2448,976,444,1,2449.88
2449,976,568,1,4091.9
2450,976,523,1,2764.51
2451,977,48,5,1201.09
2452,977,840,4,2395.84
2453,977,989,2,590.08
2454,978,291,1,4645.42
2455,978,368,5,2735.74
2456,979,183,1,3070.62
2457,979,682,4,3242.79
2458,980,498,1,3117.45
2459,980,906,4,1050.2
2460,981,502,4,3852.35
2461,982,640,2,3850.29
2462,983,445,4,749.15
2463,983,387,3,3970.68
2464,984,311,2,3499.77
2465,984,990,3,3082.79
2466,984,318,5,4257.73
2467,984,483,5,1906.71
2468,985,702,3,3027.67
2469,985,547,1,4146.01
2470,985,508,4,2543.43
2471,986,690,4,1257.78
2472,986,437,2,3742.31
2473,986,33,2,1101.93
2474,987,473,5,1205.5
2475,987,206,2,4904.61
2476,988,464,5,4822.2
2477,988,308,1,551.17
2478,989,655,5,196.34
2479,989,540,1,1426.44
2480,989,981,3,3218.64
2481,989,243,3,1494.44
2482,990,94,3,2194.79
2483,990,650,4,1525.24
2484,990,752,2,912.59
2485,990,166,1,4502.53
2486,991,74,1,2743.49
2487,991,662,4,4519.9
2488,992,126,5,1316.71
2489,992,369,4,3182.47
2490,992,697,2,3869.49
2491,993,82,3,69.59
2492,994,619,2,2465.62
2493,994,447,2,3976.03
2494,995,965,5,1775.74
2495,995,483,2,1906.71
2496,995,942,5,3168.13
2497,996,593,4,2431.33
2498,996,460,1,275.08
2499,997,829,1,4644.56
2500,997,774,5,1015.72
2501,997,645,5,4985.58
2502,997,470,5,1785.13
2503,998,193,5,1422.25
2504,998,848,4,4822.8
2505,999,289,4,1995.52
2506,999,633,4,3996.71
2507,999,760,3,2402.84
2508,1000,21,3,3448.12
2509,1000,68,1,393.44
2510,1000,974,3,3551.15
2511,1000,894,4,3507.79
2512,1001,870,2,4831.31
2513,1001,625,3,2836.37
2514,1001,208,5,1121.92
2515,1002,208,1,1121.92
2516,1002,247,3,1486.48
2517,1003,463,3,2375.54
2518,1004,901,2,1264.09
2519,1004,40,4,1525.15
2520,1005,104,5,1510.34
2521,1005,544,2,1876.79
2522,1005,872,5,3011.04
2523,1006,854,1,322.85
2524,1006,334,4,3257.74
2525,1006,387,4,3970.68
2526,1007,451,3,3853.02
2527,1007,499,4,2978.82
2528,1007,86,1,1722.35
2529,1008,283,5,4720.31
2530,1008,563,4,1272.05
2531,1008,438,3,914.02
2532,1008,4,3,858.5
2533,1009,28,3,1819.04
2534,1009,1,3,3789.38
2535,1010,881,2,3603.79
2536,1010,333,2,265.78
2537,1010,674,4,4664.21
2538,1010,172,1,4367.1
2539,1011,100,1,4729.6
2540,1011,79,3,999.76
2541,1011,678,2,2669.17
2542,1012,698,5,1363.4
2543,1012,618,5,1298.64
2544,1012,936,5,1948.74
2545,1013,630,4,2202.43
2546,1013,281,5,131.69
2547,1013,650,1,1525.24
2548,1013,759,4,2708.11
2549,1014,614,3,2920.93
2550,1014,764,1,2218.33
2551,1015,773,1,1254.91
2552,1016,524,5,875.22
2553,1017,758,4,856.69
2554,1018,134,2,3007.35
2555,1018,128,1,3958.08
2556,1019,242,5,3081.34
2557,1020,340,3,1991.99
2558,1020,607,1,4033.9
2559,1020,671,3,168.23
2560,1020,417,2,2292.35
2561,1021,937,3,1541.45
2562,1021,419,5,3296.62
2563,1022,281,5,131.69
2564,1022,349,2,1265.92
2565,1022,794,3,4671.65
2566,1022,651,4,882.17
2567,1023,263,5,3382.32
2568,1023,510,3,301.13
2569,1024,713,2,1475.09
2570,1024,450,5,2717.6
2571,1024,834,3,487.86
2572,1025,612,2,2546.52
2573,1025,716,4,1871.32
2574,1026,412,1,4096.1
2575,1026,914,4,3845.67
2576,1027,503,2,100.86
2577,1027,579,4,497.14
2578,1027,455,1,3367.74
2579,1028,343,2,1946.52
2580,1028,580,4,432.4
2581,1028,582,5,592.62
2582,1028,636,3,4037.02
2583,1029,163,1,2713.58
2584,1029,152,1,3505.15
2585,1030,753,1,3823.21
2586,1031,911,3,632.76
2587,1031,275,1,4202.97
2588,1031,773,4,1254.91
2589,1032,995,2,2341.91
2590,1033,153,1,2579.61
2591,1033,116,5,3864.75
2592,1033,106,4,4063.04
2593,1034,366,4,262.64
2594,1034,658,1,4462.09
2595,1034,850,4,4847.62
2596,1034,964,2,2504.3
2597,1035,293,1,1452.34
2598,1036,666,2,3046.8
2599,1037,268,1,1005.59
2600,1037,240,3,2692.13
2601,1037,736,5,4996.79
2602,1038,525,1,4212.36
2603,1038,886,1,3548.6
2604,1038,418,1,1460.58
2605,1038,41,4,2392.71
2606,1039,124,4,2476.32
2607,1039,33,3,1101.93
2608,1040,579,4,497.14
2609,1040,321,1,4633.83
2610,1040,451,3,3853.02
2611,1040,356,3,4392.89
2612,1041,244,1,3287.69
2613,1041,866,1,4514.41
2614,1041,831,1,3018.81
2615,1042,711,4,2117.13
2616,1042,370,5,351.88
2617,1042,92,2,2952.81
2618,1042,540,4,1426.44
2619,1043,50,3,4418.64
2620,1043,690,1,1257.78
2621,1043,235,3,1319.96
2622,1044,845,3,894.37
2623,1044,998,4,3122.0
2624,1045,550,2,1515.09
2625,1045,872,3,3011.04
2626,1045,927,1,2817.04
2627,1045,646,5,557.17
2628,1046,113,5,758.83
2629,1046,535,5,3070.89
2630,1046,567,1,2062.49
2631,1046,322,2,3440.34
2632,1047,371,5,2746.35
2633,1047,484,2,4018.56
2634,1048,808,3,1358.68
2635,1048,973,5,784.81
2636,1048,708,3,1019.64
2637,1049,205,5,1200.59
2638,1049,45,4,913.15
2639,1049,550,5,1515.09
2640,1049,596,2,993.16
2641,1050,909,3,3272.87
2642,1051,964,2,2504.3
2643,1052,339,3,2609.25
2644,1052,843,4,1097.41
2645,1052,33,2,1101.93
2646,1053,924,4,3674.69
2647,1053,501,3,3615.82
2648,1053,11,3,3337.22
2649,1054,526,1,673.86
2650,1055,912,2,4442.01
2651,1055,620,4,2989.93
2652,1056,422,3,4458.55
2653,1056,365,2,3678.54
2654,1056,280,1,4630.16
2655,1056,846,4,1658.26
2656,1057,3,5,666.67
2657,1057,654,2,4509.3
2658,1057,427,5,4463.74
2659,1058,595,3,1171.26
2660,1058,20,1,1732.71
2661,1058,937,5,1541.45
2662,1059,353,5,4121.58
2663,1059,176,5,4558.19
2664,1059,304,3,1412.75
2665,1059,24,1,3093.89
2666,1060,545,1,1072.2
2667,1060,793,1,2736.72
2668,1061,38,3,1956.63
2669,1061,992,3,1905.06
2670,1061,744,5,2225.39
2671,1062,732,3,1843.53
2672,1063,674,4,4664.21
2673,1063,424,3,2314.81
2674,1063,353,5,4121.58
2675,1064,989,5,590.08
2676,1064,597,3,2967.54
2677,1064,501,1,3615.82
2678,1064,346,2,1761.05
2679,1065,481,5,822.53
2680,1065,805,5,2804.24
2681,1066,273,2,1311.66
2682,1066,472,4,2410.78
2683,1066,88,3,3705.32
2684,1067,737,2,1000.13
2685,1067,322,4,3440.34
2686,1068,925,5,3811.72
2687,1069,538,1,1822.8
2688,1069,819,1,1632.21
2689,1069,554,5,4863.94
2690,1070,70,2,4059.71
2691,1070,100,3,4729.6
2692,1071,103,1,4794.48
2693,1072,574,2,3169.03
2694,1073,750,5,4260.75
2695,1073,917,5,48.5
2696,1074,593,5,2431.33
2697,1074,111,4,893.47
2698,1074,570,5,1488.22
2699,1075,394,1,3743.09
2700,1075,251,1,1855.06
2701,1075,903,4,4888.79
2702,1076,255,5,184.94
2703,1076,517,4,518.03
2704,1076,175,3,663.88
2705,1077,646,4,557.17
2706,1077,614,3,2920.93
2707,1078,726,2,2161.47
2708,1078,587,1,3417.98
2709,1079,977,1,75.14
2710,1079,682,4,3242.79
2711,1079,464,4,4822.2
2712,1079,693,5,1697.86
2713,1080,75,3,895.9
2714,1080,169,5,4299.37
2715,1081,573,1,1534.06
2716,1081,654,2,4509.3
2717,1081,501,5,3615.82
2718,1081,816,2,1313.21
2719,1082,513,5,4394.41
2720,1083,334,2,3257.74
2721,1084,620,3,2989.93
2722,1084,818,2,2221.41
2723,1085,869,4,3990.83
2724,1086,618,5,1298.64
2725,1086,365,1,3678.54
2726,1086,45,1,913.15
2727,1087,654,3,4509.3
2728,1087,466,5,2798.03
2729,1087,835,3,4585.78
2730,1087,829,1,4644.56
2731,1088,623,3,195.62
2732,1088,995,3,2341.91
2733,1089,263,2,3382.32
2734,1089,908,1,2513.11
2735,1090,717,5,770.96
2736,1090,586,2,185.24
2737,1091,295,3,3437.1
2738,1091,190,3,1952.78
2739,1091,778,3,4925.27
2740,1091,788,5,2400.62
2741,1092,464,2,4822.2
2742,1092,465,5,497.52
2743,1093,93,1,3154.24
2744,1094,927,1,2817.04
2745,1094,816,5,1313.21
2746,1094,98,3,1126.52
2747,1094,741,5,3146.1
2748,1095,524,3,875.22
2749,1095,44,4,3415.2
2750,1096,954,2,775.7
2751,1096,363,2,4618.55
2752,1096,175,2,663.88
2753,1097,947,2,565.84
2754,1097,98,4,1126.52
2755,1098,588,2,4234.93
2756,1098,597,4,2967.54
2757,1099,901,4,1264.09
2758,1099,520,4,296.16
2759,1100,515,3,2861.65
2760,1101,265,5,3261.03
2761,1101,196,3,3917.23
2762,1102,71,4,4288.84
2763,1103,117,5,2948.6
2764,1103,640,3,3850.29
2765,1103,587,2,3417.98
2766,1104,22,2,3926.13
2767,1104,209,1,3813.8
2768,1105,618,3,1298.64
2769,1105,884,5,3458.55
2770,1105,91,2,3164.79
2771,1106,316,4,1588.09
2772,1107,99,1,2009.52
2773,1107,924,5,3674.69
2774,1107,447,4,3976.03
2775,1107,357,3,4015.86
2776,1108,267,2,3710.39
2777,1109,540,3,1426.44
2778,1110,95,3,2066.22
2779,1110,119,3,4244.56
2780,1110,176,4,4558.19
2781,1111,58,2,199.44
2782,1111,35,1,3403.54
2783,1111,547,1,4146.01
2784,1111,468,5,1182.03
2785,1112,597,1,2967.54
2786,1113,446,5,880.58
2787,1113,780,3,2733.9
2788,1113,458,5,864.79
2789,1113,381,4,1717.36
2790,1114,744,3,2225.39
2791,1114,696,1,4808.96
2792,1115,21,1,3448.12
2793,1116,264,5,336.1
2794,1116,812,5,2174.17
2795,1117,269,2,3630.31
2796,1117,405,5,3619.81
2797,1118,132,1,3646.73
2798,1118,370,2,351.88
2799,1118,870,2,4831.31
2800,1119,863,5,2529.17
2801,1119,566,1,656.19
2802,1119,53,2,827.69
2803,1119,242,3,3081.34
2804,1120,366,3,262.64
2805,1120,545,1,1072.2
2806,1120,417,5,2292.35
2807,1120,502,5,3852.35
2808,1121,183,4,3070.62
2809,1121,751,1,1617.58
2810,1121,655,2,196.34
2811,1122,596,1,993.16
2812,1122,783,1,737.67
2813,1122,634,5,2773.46
2814,1122,516,3,2725.52
2815,1123,616,2,1847.9
2816,1124,961,2,1281.02
2817,1124,456,4,941.33
2818,1124,967,1,1371.95
2819,1124,836,1,1584.59
2820,1125,780,4,2733.9
2821,1125,848,1,4822.8
2822,1126,801,4,3103.93
2823,1126,630,3,2202.43
2824,1127,601,3,750.77
2825,1127,492,3,2502.0
2826,1128,729,1,3533.3
2827,1128,832,3,4614.8
2828,1129,236,3,2073.46
2829,1129,952,1,4228.28
2830,1129,758,2,856.69
2831,1129,998,4,3122.0
2832,1130,224,2,2573.21
2833,1131,903,4,4888.79
2834,1131,843,4,1097.41
2835,1131,990,2,3082.79
2836,1131,339,4,2609.25
2837,1132,952,3,4228.28
2838,1132,483,2,1906.71
2839,1132,512,5,1382.42
2840,1132,780,4,2733.9
2841,1133,774,4,1015.72
2842,1134,440,5,2833.7
2843,1134,671,3,168.23
2844,1134,195,5,2175.71
2845,1135,827,4,3745.76
2846,1135,459,1,1286.77
2847,1135,610,2,1764.84
2848,1136,357,5,4015.86
2849,1136,958,4,1650.18
2850,1136,333,5,265.78
2851,1136,874,5,962.8
2852,1137,729,5,3533.3
2853,1137,439,1,1740.74
2854,1137,674,5,4664.21
2855,1138,973,5,784.81
2856,1139,458,2,864.79
2857,1139,796,2,454.65
2858,1140,992,2,1905.06
2859,1140,746,1,3089.19
2860,1140,292,2,1945.34
2861,1141,510,1,301.13
2862,1141,428,1,1689.93
2863,1141,595,2,1171.26
2864,1141,337,3,3423.05
2865,1142,191,5,4102.18
2866,1143,824,2,1821.31
2867,1143,698,5,1363.4
2868,1144,756,3,1464.19
2869,1144,940,4,3797.02
2870,1145,200,1,2568.3
2871,1145,807,2,3158.32
2872,1146,780,5,2733.9
2873,1146,964,1,2504.3
2874,1147,551,2,1707.17
2875,1147,558,3,4157.11
2876,1147,194,2,893.21
2877,1147,969,1,1871.07
2878,1148,595,4,1171.26
2879,1149,656,2,72.76
2880,1149,619,2,2465.62
2881,1150,398,5,1145.37
2882,1150,992,5,1905.06
2883,1150,226,1,1005.01
2884,1151,932,5,3289.63
2885,1152,564,1,3956.27
2886,1152,59,4,1186.59
2887,1152,950,3,1998.03
2888,1152,641,1,2505.36
2889,1153,736,3,4996.79
2890,1153,978,2,1569.76
2891,1154,246,4,4153.67
2892,1154,526,3,673.86
2893,1154,331,5,1653.73
2894,1155,15,5,2476.41
2895,1155,273,1,1311.66
2896,1155,871,1,109.38
2897,1156,543,3,838.04
2898,1156,776,1,2007.46
2899,1156,477,2,4644.73
2900,1156,310,3,1168.16
2901,1157,114,4,4467.94
2902,1157,179,4,1857.89
2903,1158,847,5,4482.91
2904,1158,184,3,1296.51
2905,1158,141,1,3671.53
2906,1158,90,4,4572.54
2907,1159,628,5,4530.01
2908,1159,753,1,3823.21
2909,1159,420,3,853.22
2910,1159,761,1,1597.39
2911,1160,168,2,262.17
2912,1160,505,2,4467.14
2913,1161,106,5,4063.04
2914,1161,907,2,1341.38
2915,1161,489,1,3673.13
2916,1161,309,4,1797.63
2917,1162,944,4,2817.55
2918,1162,859,3,1616.93
2919,1163,553,4,990.55
2920,1163,861,4,2250.25
2921,1164,32,1,2477.91
2922,1164,983,2,1086.85
2923,1164,821,5,1129.8
2924,1164,650,1,1525.24
2925,1165,389,4,2739.34
2926,1165,183,3,3070.62
2927,1165,207,5,1162.63
2928,1165,431,5,4349.46
2929,1166,195,3,2175.71
2930,1166,897,1,293.89
2931,1167,327,1,3088.55
2932,1168,514,2,2600.3
2933,1168,465,1,497.52
2934,1168,524,2,875.22
2935,1169,777,4,826.63
2936,1170,533,3,66.67
2937,1171,977,1,75.14
2938,1172,677,1,4810.88
2939,1172,122,5,339.32
2940,1172,904,2,1159.6
2941,1172,315,1,1176.2
2942,1173,926,2,3544.21
2943,1173,152,4,3505.15
2944,1173,538,3,1822.8
2945,1173,618,3,1298.64
2946,1174,179,2,1857.89
2947,1174,963,3,478.3
2948,1175,10,3,2882.33
2949,1175,735,2,3780.29
2950,1175,922,5,1631.62
2951,1176,505,3,4467.14
2952,1177,255,5,184.94
2953,1178,778,5,4925.27
2954,1178,825,1,2987.54
2955,1178,921,3,4655.32
2956,1179,635,1,918.43
2957,1179,636,5,4037.02
2958,1180,454,3,3958.75
2959,1181,510,2,301.13
2960,1181,906,5,1050.2
2961,1181,433,1,168.06
2962,1181,126,4,1316.71
2963,1182,189,2,2211.61
2964,1183,569,3,4879.33
2965,1184,629,1,2637.02
2966,1184,183,1,3070.62
2967,1184,55,2,1558.08
2968,1184,402,4,2696.6
2969,1185,88,4,3705.32
2970,1185,281,2,131.69
2971,1185,942,1,3168.13
2972,1185,141,2,3671.53
2973,1186,273,2,1311.66
2974,1186,683,1,4972.84
2975,1186,131,4,3802.51
2976,1186,341,4,3104.26
2977,1187,685,5,2475.58
2978,1187,369,4,3182.47
2979,1187,751,1,1617.58
2980,1188,908,5,2513.11
2981,1188,990,3,3082.79
2982,1188,810,2,594.32
2983,1188,33,5,1101.93
2984,1189,454,1,3958.75
2985,1189,334,1,3257.74
2986,1189,190,1,1952.78
2987,1189,327,4,3088.55
2988,1190,217,4,2978.25
2989,1190,82,3,69.59
2990,1191,791,4,4652.25
2991,1191,46,5,3791.18
2992,1191,570,1,1488.22
2993,1191,379,5,597.89
2994,1192,246,1,4153.67
2995,1192,651,2,882.17
2996,1192,692,4,899.82
2997,1192,531,1,3650.27
2998,1193,572,1,238.4
2999,1193,889,3,4340.15
3000,1194,706,5,2113.82
3001,1194,636,2,4037.02
3002,1195,808,3,1358.68
3003,1195,188,5,2322.62
3004,1195,538,1,1822.8
3005,1196,454,3,3958.75
3006,1196,477,4,4644.73
3007,1196,837,5,4778.69
3008,1197,31,3,130.31
3009,1197,73,3,4626.43
3010,1198,671,5,168.23
3011,1198,733,1,4716.29
3012,1198,122,3,339.32
3013,1199,402,4,2696.6
3014,1199,791,5,4652.25
3015,1200,462,1,3134.33
3016,1200,753,4,3823.21
3017,1200,45,2,913.15
3018,1200,763,4,606.19